<?xml version = '1.0' encoding = 'UTF-8'?>
<BPELSuitcase>
   <BPELProcess id="SingletonAccessor" src="SingletonAccessor.bpel">
      <partnerLinkBindings>
         <partnerLinkBinding name="client">
            <property name="wsdlLocation">SingletonAccessor.wsdl</property>
         </partnerLinkBinding>
         <partnerLinkBinding name="Singleton">
            <property name="wsdlLocation">http://localhost:7777/orabpel/default/Singleton/Singleton?wsdl</property>
            <property name="correlation">correlationSet</property>
         </partnerLinkBinding>
      </partnerLinkBindings>
      <preferences>
         <property name="defaultInput" encryption="plaintext">defaultInput.xml</property>
      </preferences>
   </BPELProcess>
</BPELSuitcase>
