<?xml version = '1.0' encoding = 'UTF-8'?>
<BPELSuitcase>
   <BPELProcess id="Singleton" src="Singleton.bpel">
      <partnerLinkBindings>
         <partnerLinkBinding name="client">
            <property name="wsdlLocation">Singleton.wsdl</property>
            <property name="correlation">correlationSet</property>
            <property name="replyToAddress">http://localhost:8888/orabpel/default/SingletonAccessor/1.0/Singleton/SingletonRequester</property>
         </partnerLinkBinding>
      </partnerLinkBindings>
      <configurations>
         <property name="defaultInput" encryption="plaintext">&lt;?xml version = '1.0' encoding = 'UTF-8'?>
&lt;SingletonInitiateRequest xmlns="http://xmlns.oracle.com/Singleton">
  &lt;singletonId>Singleton/1.0&lt;/singletonId>
&lt;/SingletonInitiateRequest></property>
      </configurations>
   </BPELProcess>
</BPELSuitcase>
